use university;


CREATE TABLE departamento (
    id INT IDENTITY PRIMARY KEY,
    nombre VARCHAR(50) NOT NULL
);

CREATE TABLE persona (
    id INT IDENTITY PRIMARY KEY,
    nif VARCHAR(9) UNIQUE,
    nombre VARCHAR(25) NOT NULL,
    apellido1 VARCHAR(50) NOT NULL,
    apellido2 VARCHAR(50),
    ciudad VARCHAR(25) NOT NULL,
    direccion VARCHAR(50) NOT NULL,
    telefono VARCHAR(9),
    fecha_nacimiento DATE NOT NULL,
    sexo VARCHAR(1) NOT NULL,
    tipo VARCHAR(11) NOT NULL
);
 
CREATE TABLE profesor (
    id_profesor INT IDENTITY PRIMARY KEY,
    id_departamento INT  NOT NULL,
    FOREIGN KEY (id_profesor) REFERENCES persona(id),
    FOREIGN KEY (id_departamento) REFERENCES departamento(id)
);
 
 CREATE TABLE grado (
    id INT IDENTITY  PRIMARY KEY,
    nombre VARCHAR(100) NOT NULL
);
 
CREATE TABLE asignatura (
    id INT IDENTITY PRIMARY KEY,
    nombre VARCHAR(100) NOT NULL,
    creditos FLOAT  NOT NULL,
    tipo VARCHAR(20) NOT NULL,
    curso TINYINT NOT NULL,
    cuatrimestre TINYINT  NOT NULL,
    id_profesor INT ,
    id_grado INT NOT NULL,
    FOREIGN KEY(id_profesor) REFERENCES profesor(id_profesor),
    FOREIGN KEY(id_grado) REFERENCES grado(id)
);
 
CREATE TABLE curso_escolar (
    id INT IDENTITY PRIMARY KEY,
    anyo_inicio VARCHAR(5) NOT NULL,
    anyo_fin VARCHAR(5) NOT NULL
);

CREATE TABLE alumno_se_matricula_asignatura (
    id_alumno INT IDENTITY NOT NULL,
    id_asignatura INT  NOT NULL,
    id_curso_escolar INT  NOT NULL,
    PRIMARY KEY (id_alumno, id_asignatura, id_curso_escolar),
    FOREIGN KEY (id_alumno) REFERENCES persona(id),
    FOREIGN KEY (id_asignatura) REFERENCES asignatura(id),
    FOREIGN KEY (id_curso_escolar) REFERENCES curso_escolar(id)
);

/* Departamento */
INSERT INTO [dbo].[departamento] VALUES
(1, 'Informática'),
(2, 'Matemáticas'),
(3, 'Economía y Empresa'),
(4, 'Educación'),
(5, 'Agronomía'),
(6, 'Química y Física'),
(7, 'Filología'),
(8, 'Derecho'),
(9, 'Biología y Geología');

 
 /* Persona */
INSERT INTO [dbo].[persona] VALUES
(1,'26902806M', 'Salvador', 'Sánchez', 'Pérez', 'Almería', 'C/ Real del barrio alto', '950254837', '1991/03/28', 'H', 'alumno'),
(2, '89542419S', 'Juan', 'Saez', 'Vega', 'Almería', 'C/ Mercurio', '618253876', '1992/08/08', 'H', 'alumno'),
(3, '11105554G', 'Zoe', 'Ramirez', 'Gea', 'Almería', 'C/ Marte', '618223876', '1979/08/19', 'M', 'profesor'),
(4, '17105885A', 'Pedro', 'Heller', 'Pagac', 'Almería', 'C/ Estrella fugaz', NULL, '2000/10/05', 'H', 'alumno'),
(5, '38223286T', 'David', 'Schmidt', 'Fisher', 'Almería', 'C/ Venus', '678516294', '1978/01/19', 'H', 'profesor'),
(6, '04233869Y', 'José', 'Koss', 'Bayer', 'Almería', 'C/ Júpiter', '628349590', '1998/01/28', 'H', 'alumno'),
(7, '97258166K', 'Ismael', 'Strosin', 'Turcotte', 'Almería', 'C/ Neptuno', NULL, '1999/05/24', 'H', 'alumno'),
(8, '79503962T', 'Cristina', 'Lemke', 'Rutherford', 'Almería', 'C/ Saturno', '669162534', '1977/08/21', 'M', 'profesor'),
(9, '82842571K', 'Ramón', 'Herzog', 'Tremblay', 'Almería', 'C/ Urano', '626351429', '1996/11/21', 'H', 'alumno'),
(10, '61142000L', 'Esther', 'Spencer', 'Lakin', 'Almería', 'C/ Plutón', NULL, '1977/05/19', 'M', 'profesor'),
(11, '46900725E', 'Daniel', 'Herman', 'Pacocha', 'Almería', 'C/ Andarax', '679837625', '1997/04/26', 'H', 'alumno'),
(12, '85366986W', 'Carmen', 'Streich', 'Hirthe', 'Almería', 'C/ Almanzora', NULL, '1971-04-29', 'M', 'profesor'),
(13, '73571384L', 'Alfredo', 'Stiedemann', 'Morissette', 'Almería', 'C/ Guadalquivir', '950896725', '1980/02/01', 'H', 'profesor'),
(14, '82937751G', 'Manolo', 'Hamill', 'Kozey', 'Almería', 'C/ Duero', '950263514', '1977/01/02', 'H', 'profesor'),
(15, '80502866Z', 'Alejandro', 'Kohler', 'Schoen', 'Almería', 'C/ Tajo', '668726354', '1980/03/14', 'H', 'profesor'),
(16, '10485008K', 'Antonio', 'Fahey', 'Considine', 'Almería', 'C/ Sierra de los Filabres', NULL, '1982/03/18', 'H', 'profesor'),
(17, '85869555K', 'Guillermo', 'Ruecker', 'Upton', 'Almería', 'C/ Sierra de Gádor', NULL, '1973/05/05', 'H', 'profesor'),
(18, '04326833G', 'Micaela', 'Monahan', 'Murray', 'Almería', 'C/ Veleta', '662765413', '1976/02/25', 'H', 'profesor'),
(19, '11578526G', 'Inma', 'Lakin', 'Yundt', 'Almería', 'C/ Picos de Europa', '678652431', '1998/09/01', 'M', 'alumno'),
(20, '79221403L', 'Francesca', 'Schowalter', 'Muller', 'Almería', 'C/ Quinto pino', NULL, '1980/10/31', 'H', 'profesor'),
(21, '79089577Y', 'Juan', 'Gutiérrez', 'López', 'Almería', 'C/ Los pinos', '678652431', '1998/01/01', 'H', 'alumno'),
(22, '41491230N', 'Antonio', 'Domínguez', 'Guerrero', 'Almería', 'C/ Cabo de Gata', '626652498', '1999/02/11', 'H', 'alumno'),
(23, '64753215G', 'Irene', 'Hernández', 'Martínez', 'Almería', 'C/ Zapillo', '628452384', '1996/03/12', 'M', 'alumno'),
(24, '85135690V', 'Sonia', 'Gea', 'Ruiz', 'Almería', 'C/ Mercurio', '678812017', '1995/04/13', 'M', 'alumno');
 
/* Profesor */
INSERT INTO profesor VALUES (3, 1);
INSERT INTO profesor VALUES (5, 2);
INSERT INTO profesor VALUES (8, 3);
INSERT INTO profesor VALUES (10, 4);
INSERT INTO profesor VALUES (12, 4);
INSERT INTO profesor VALUES (13, 6);
INSERT INTO profesor VALUES (14, 1);
INSERT INTO profesor VALUES (15, 2);
INSERT INTO profesor VALUES (16, 3);
INSERT INTO profesor VALUES (17, 4);
INSERT INTO profesor VALUES (18, 5);
INSERT INTO profesor VALUES (20, 6);
 
 /* Grado */
INSERT INTO grado VALUES (1, 'Grado en Ingeniería Agrícola (Plan 2015)');
INSERT INTO grado VALUES (2, 'Grado en Ingeniería Eléctrica (Plan 2014)');
INSERT INTO grado VALUES (3, 'Grado en Ingeniería Electrónica Industrial (Plan 2010)');
INSERT INTO grado VALUES (4, 'Grado en Ingeniería Informática (Plan 2015)');
INSERT INTO grado VALUES (5, 'Grado en Ingeniería Mecánica (Plan 2010)');
INSERT INTO grado VALUES (6, 'Grado en Ingeniería Química Industrial (Plan 2010)');
INSERT INTO grado VALUES (7, 'Grado en Biotecnología (Plan 2015)');
INSERT INTO grado VALUES (8, 'Grado en Ciencias Ambientales (Plan 2009)');
INSERT INTO grado VALUES (9, 'Grado en Matemáticas (Plan 2010)');
INSERT INTO grado VALUES (10, 'Grado en Química (Plan 2009)');
 
/* Asignatura */
INSERT INTO asignatura VALUES (1, 'Álgegra lineal y matemática discreta', 6, 'básica', 1, 1, 3, 4);
INSERT INTO asignatura VALUES (2, 'Cálculo', 6, 'básica', 1, 1, 14, 4);
INSERT INTO asignatura VALUES (3, 'Física para informática', 6, 'básica', 1, 1, 3, 4);
INSERT INTO asignatura VALUES (4, 'Introducción a la programación', 6, 'básica', 1, 1, 14, 4);
INSERT INTO asignatura VALUES (5, 'Organización y gestión de empresas', 6, 'básica', 1, 1, 3, 4);
INSERT INTO asignatura VALUES (6, 'Estadística', 6, 'básica', 1, 2, 14, 4);
INSERT INTO asignatura VALUES (7, 'Estructura y tecnología de computadores', 6, 'básica', 1, 2, 3, 4);
INSERT INTO asignatura VALUES (8, 'Fundamentos de electrónica', 6, 'básica', 1, 2, 14, 4);
INSERT INTO asignatura VALUES (9, 'Lógica y algorítmica', 6, 'básica', 1, 2, 3, 4);
INSERT INTO asignatura VALUES (10, 'Metodología de la programación', 6, 'básica', 1, 2, 14, 4);
INSERT INTO asignatura VALUES (11, 'Arquitectura de Computadores', 6, 'básica', 2, 1, 3, 4);
INSERT INTO asignatura VALUES (12, 'Estructura de Datos y Algoritmos I', 6, 'obligatoria', 2, 1, 3, 4);
INSERT INTO asignatura VALUES (13, 'Ingeniería del Software', 6, 'obligatoria', 2, 1, 14, 4);
INSERT INTO asignatura VALUES (14, 'Sistemas Inteligentes', 6, 'obligatoria', 2, 1, 3, 4);
INSERT INTO asignatura VALUES (15, 'Sistemas Operativos', 6, 'obligatoria', 2, 1, 14, 4);
INSERT INTO asignatura VALUES (16, 'Bases de Datos', 6, 'básica', 2, 2, 14, 4);
INSERT INTO asignatura VALUES (17, 'Estructura de Datos y Algoritmos II', 6, 'obligatoria', 2, 2, 14, 4);
INSERT INTO asignatura VALUES (18, 'Fundamentos de Redes de Computadores', 6 ,'obligatoria', 2, 2, 3, 4);
INSERT INTO asignatura VALUES (19, 'Planificación y Gestión de Proyectos Informáticos', 6, 'obligatoria', 2, 2, 3, 4);
INSERT INTO asignatura VALUES (20, 'Programación de Servicios Software', 6, 'obligatoria', 2, 2, 14, 4);
INSERT INTO asignatura VALUES (21, 'Desarrollo de interfaces de usuario', 6, 'obligatoria', 3, 1, 14, 4);
INSERT INTO asignatura VALUES (22, 'Ingeniería de Requisitos', 6, 'optativa', 3, 1, NULL, 4);
INSERT INTO asignatura VALUES (23, 'Integración de las Tecnologías de la Información en las Organizaciones', 6, 'optativa', 3, 1, NULL, 4);
INSERT INTO asignatura VALUES (24, 'Modelado y Diseño del Software 1', 6, 'optativa', 3, 1, NULL, 4);
INSERT INTO asignatura VALUES (25, 'Multiprocesadores', 6, 'optativa', 3, 1, NULL, 4);
INSERT INTO asignatura VALUES (26, 'Seguridad y cumplimiento normativo', 6, 'optativa', 3, 1, NULL, 4);
INSERT INTO asignatura VALUES (27, 'Sistema de Información para las Organizaciones', 6, 'optativa', 3, 1, NULL, 4); 
INSERT INTO asignatura VALUES (28, 'Tecnologías web', 6, 'optativa', 3, 1, NULL, 4);
INSERT INTO asignatura VALUES (29, 'Teoría de códigos y criptografía', 6, 'optativa', 3, 1, NULL, 4);
INSERT INTO asignatura VALUES (30, 'Administración de bases de datos', 6, 'optativa', 3, 2, NULL, 4);
INSERT INTO asignatura VALUES (31, 'Herramientas y Métodos de Ingeniería del Software', 6, 'optativa', 3, 2, NULL, 4);
INSERT INTO asignatura VALUES (32, 'Informática industrial y robótica', 6, 'optativa', 3, 2, NULL, 4);
INSERT INTO asignatura VALUES (33, 'Ingeniería de Sistemas de Información', 6, 'optativa', 3, 2, NULL, 4);
INSERT INTO asignatura VALUES (34, 'Modelado y Diseño del Software 2', 6, 'optativa', 3, 2, NULL, 4);
INSERT INTO asignatura VALUES (35, 'Negocio Electrónico', 6, 'optativa', 3, 2, NULL, 4);
INSERT INTO asignatura VALUES (36, 'Periféricos e interfaces', 6, 'optativa', 3, 2, NULL, 4);
INSERT INTO asignatura VALUES (37, 'Sistemas de tiempo real', 6, 'optativa', 3, 2, NULL, 4);
INSERT INTO asignatura VALUES (38, 'Tecnologías de acceso a red', 6, 'optativa', 3, 2, NULL, 4);
INSERT INTO asignatura VALUES (39, 'Tratamiento digital de imágenes', 6, 'optativa', 3, 2, NULL, 4);
INSERT INTO asignatura VALUES (40, 'Administración de redes y sistemas operativos', 6, 'optativa', 4, 1, NULL, 4);
INSERT INTO asignatura VALUES (41, 'Almacenes de Datos', 6, 'optativa', 4, 1, NULL, 4);
INSERT INTO asignatura VALUES (42, 'Fiabilidad y Gestión de Riesgos', 6, 'optativa', 4, 1, NULL, 4);
INSERT INTO asignatura VALUES (43, 'Líneas de Productos Software', 6, 'optativa', 4, 1, NULL, 4);
INSERT INTO asignatura VALUES (44, 'Procesos de Ingeniería del Software 1', 6, 'optativa', 4, 1, NULL, 4);
INSERT INTO asignatura VALUES (45, 'Tecnologías multimedia', 6, 'optativa', 4, 1, NULL, 4);
INSERT INTO asignatura VALUES (46, 'Análisis y planificación de las TI', 6, 'optativa', 4, 2, NULL, 4);
INSERT INTO asignatura VALUES (47, 'Desarrollo Rápido de Aplicaciones', 6, 'optativa', 4, 2, NULL, 4);
INSERT INTO asignatura VALUES (48, 'Gestión de la Calidad y de la Innovación Tecnológica', 6, 'optativa', 4, 2, NULL, 4);
INSERT INTO asignatura VALUES (49, 'Inteligencia del Negocio', 6, 'optativa', 4, 2, NULL, 4);
INSERT INTO asignatura VALUES (50, 'Procesos de Ingeniería del Software 2', 6, 'optativa', 4, 2, NULL, 4);
INSERT INTO asignatura VALUES (51, 'Seguridad Informática', 6, 'optativa', 4, 2, NULL, 4);
INSERT INTO asignatura VALUES (52, 'Biologia celular', 6, 'básica', 1, 1, NULL, 7);
INSERT INTO asignatura VALUES (53, 'Física', 6, 'básica', 1, 1, NULL, 7);
INSERT INTO asignatura VALUES (54, 'Matemáticas I', 6, 'básica', 1, 1, NULL, 7);
INSERT INTO asignatura VALUES (55, 'Química general', 6, 'básica', 1, 1, NULL, 7);
INSERT INTO asignatura VALUES (56, 'Química orgánica', 6, 'básica', 1, 1, NULL, 7);
INSERT INTO asignatura VALUES (57, 'Biología vegetal y animal', 6, 'básica', 1, 2, NULL, 7);
INSERT INTO asignatura VALUES (58, 'Bioquímica', 6, 'básica', 1, 2, NULL, 7);
INSERT INTO asignatura VALUES (59, 'Genética', 6, 'básica', 1, 2, NULL, 7);
INSERT INTO asignatura VALUES (60, 'Matemáticas II', 6, 'básica', 1, 2, NULL, 7);
INSERT INTO asignatura VALUES (61, 'Microbiología', 6, 'básica', 1, 2, NULL, 7);
INSERT INTO asignatura VALUES (62, 'Botánica agrícola', 6, 'obligatoria', 2, 1, NULL, 7);
INSERT INTO asignatura VALUES (63, 'Fisiología vegetal', 6, 'obligatoria', 2, 1, NULL, 7);
INSERT INTO asignatura VALUES (64, 'Genética molecular', 6, 'obligatoria', 2, 1, NULL, 7);
INSERT INTO asignatura VALUES (65, 'Ingeniería bioquímica', 6, 'obligatoria', 2, 1, NULL, 7);
INSERT INTO asignatura VALUES (66, 'Termodinámica y cinética química aplicada', 6, 'obligatoria', 2, 1, NULL, 7);
INSERT INTO asignatura VALUES (67, 'Biorreactores', 6, 'obligatoria', 2, 2, NULL, 7);
INSERT INTO asignatura VALUES (68, 'Biotecnología microbiana', 6, 'obligatoria', 2, 2, NULL, 7);
INSERT INTO asignatura VALUES (69, 'Ingeniería genética', 6, 'obligatoria', 2, 2, NULL, 7);
INSERT INTO asignatura VALUES (70, 'Inmunología', 6, 'obligatoria', 2, 2, NULL, 7);
INSERT INTO asignatura VALUES (71, 'Virología', 6, 'obligatoria', 2, 2, NULL, 7);
INSERT INTO asignatura VALUES (72, 'Bases moleculares del desarrollo vegetal', 4.5, 'obligatoria', 3, 1, NULL, 7);
INSERT INTO asignatura VALUES (73, 'Fisiología animal', 4.5, 'obligatoria', 3, 1, NULL, 7);
INSERT INTO asignatura VALUES (74, 'Metabolismo y biosíntesis de biomoléculas', 6, 'obligatoria', 3, 1, NULL, 7);
INSERT INTO asignatura VALUES (75, 'Operaciones de separación', 6, 'obligatoria', 3, 1, NULL, 7);
INSERT INTO asignatura VALUES (76, 'Patología molecular de plantas', 4.5, 'obligatoria', 3, 1, NULL, 7);
INSERT INTO asignatura VALUES (77, 'Técnicas instrumentales básicas', 4.5, 'obligatoria', 3, 1, NULL, 7);
INSERT INTO asignatura VALUES (78, 'Bioinformática', 4.5, 'obligatoria', 3, 2, NULL, 7);
INSERT INTO asignatura VALUES (79, 'Biotecnología de los productos hortofrutículas', 4.5, 'obligatoria', 3, 2, NULL, 7);
INSERT INTO asignatura VALUES (80, 'Biotecnología vegetal', 6, 'obligatoria', 3, 2, NULL, 7);
INSERT INTO asignatura VALUES (81, 'Genómica y proteómica', 4.5, 'obligatoria', 3, 2, NULL, 7);
INSERT INTO asignatura VALUES (82, 'Procesos biotecnológicos', 6, 'obligatoria', 3, 2, NULL, 7);
INSERT INTO asignatura VALUES (83, 'Técnicas instrumentales avanzadas', 4.5, 'obligatoria', 3, 2, NULL, 7);

/* Curso escolar */
INSERT INTO curso_escolar VALUES (1, 2014, 2015);
INSERT INTO curso_escolar VALUES (2, 2015, 2016);
INSERT INTO curso_escolar VALUES (3, 2016, 2017);
INSERT INTO curso_escolar VALUES (4, 2017, 2018);
INSERT INTO curso_escolar VALUES (5, 2018, 2019);

/* Alumno se matricula en asignatura */
INSERT INTO alumno_se_matricula_asignatura VALUES (1, 1, 1);
INSERT INTO alumno_se_matricula_asignatura VALUES (1, 2, 1);
INSERT INTO alumno_se_matricula_asignatura VALUES (1, 3, 1);
INSERT INTO alumno_se_matricula_asignatura VALUES (2, 1, 1);
INSERT INTO alumno_se_matricula_asignatura VALUES (2, 2, 1);
INSERT INTO alumno_se_matricula_asignatura VALUES (2, 3, 1);
INSERT INTO alumno_se_matricula_asignatura VALUES (4, 1, 1);
INSERT INTO alumno_se_matricula_asignatura VALUES (4, 2, 1);
INSERT INTO alumno_se_matricula_asignatura VALUES (4, 3, 1);
INSERT INTO alumno_se_matricula_asignatura VALUES (24, 1, 5);
INSERT INTO alumno_se_matricula_asignatura VALUES (24, 2, 5);
INSERT INTO alumno_se_matricula_asignatura VALUES (24, 3, 5);
INSERT INTO alumno_se_matricula_asignatura VALUES (24, 4, 5);
INSERT INTO alumno_se_matricula_asignatura VALUES (24, 5, 5);
INSERT INTO alumno_se_matricula_asignatura VALUES (24, 6, 5);
INSERT INTO alumno_se_matricula_asignatura VALUES (24, 7, 5);
INSERT INTO alumno_se_matricula_asignatura VALUES (24, 8, 5);
INSERT INTO alumno_se_matricula_asignatura VALUES (24, 9, 5);
INSERT INTO alumno_se_matricula_asignatura VALUES (24, 10, 5);
INSERT INTO alumno_se_matricula_asignatura VALUES (23, 1, 5);
INSERT INTO alumno_se_matricula_asignatura VALUES (23, 2, 5);
INSERT INTO alumno_se_matricula_asignatura VALUES (23, 3, 5);
INSERT INTO alumno_se_matricula_asignatura VALUES (23, 4, 5);

*********************************************************************************************************************************************************************************************************************
SELECT CONCAT(P.NOMBRE,' ', P.APELLIDO1,' ',P.APELLIDO2) AS NOMBRE, PR.ID_PROFESOR AS ID_PROFESOR, D.NOMBRE AS DEPARTAMENTO
FROM PERSONA P
INNER JOIN PROFESOR PR
ON P.ID = PR.ID_PROFESOR
INNER JOIN DEPARTAMENTO D
ON  PR.ID_DEPARTAMENTO = D.ID;
*********************************************************************************************************************************************************************************************************************
WITH AÑOS AS (
SELECT ANYO_INICIO, ANYO_FIN,DATEDIFF(YEAR,ANYO_INICIO, ANYO_FIN) AS CANT_AÑOS,
CASE
	WHEN ANYO_INICIO=2014 THEN 'IT´S 2014'
	WHEN ANYO_INICIO=2015 THEN 'INCREDIBLE 20-15'
	WHEN ANYO_INICIO=2016 THEN 'HELLO 16'
	ELSE 'IT´S TOO LATE'
END OBSERVATION
FROM CURSO_ESCOLAR
)
SELECT CANT_AÑOS, OBSERVATION FROM AÑOS;
*********************************************************************************************************************************************************************************************************************
WITH MATERIAS AS 
(
	SELECT NOMBRE, TIPO, ISNULL(ID_PROFESOR,0) AS ID_PROFESOR,CREDITOS,
	DENSE_RANK() OVER(PARTITION BY TIPO ORDER BY CREDITOS) AS RANKING
	FROM ASIGNATURA
)
SELECT
M.NOMBRE, M.TIPO,
CONCAT(P.NOMBRE,' ', P.APELLIDO1,' ',P.APELLIDO2) AS PROFESOR,
RANKING
FROM PERSONA P
RIGHT JOIN MATERIAS M
ON
P.ID = M.ID_PROFESOR
;
*********************************************************************************************************************************************************************************************************************
WITH PERSONAS AS(
	SELECT
	ID,
	CONCAT(NOMBRE,' ', APELLIDO1,' ',APELLIDO2) AS NOMBRE,
	TIPO,
	FECHA_NACIMIENTO,
	DATEDIFF(YEAR,FECHA_NACIMIENTO,GETDATE()) AS YEARS
	FROM PERSONA
)
SELECT P.*, P1.* FROM PERSONAS P
JOIN PERSONAS P1
ON P.ID = P1.ID
WHERE P.ID = P1.ID AND P1.YEARS > 30
;
*********************************************************************************************************************************************************************************************************************
CREATE TABLE #temp_personas(
ID INT,
NOMBRE VARCHAR(100),
TIPO VARCHAR(50),
FECHA_NACIMIENTO DATE,
YEARSOLD INT
)

INSERT INTO #TEMP_PERSONAS
	SELECT
	ID,
	CONCAT(NOMBRE,' ', APELLIDO1,' ',APELLIDO2),
	TIPO,
	FECHA_NACIMIENTO,
	DATEDIFF(YEAR,FECHA_NACIMIENTO,GETDATE())
	FROM PERSONA

SELECT *, AVG(YEARSOLD) OVER(PARTITION BY TIPO) AS AVG_AGES FROM #TEMP_PERSONAS
ORDER BY TIPO, YEARSOLD;

*********************************************************************************************************************************************************************************************************************
CREATE TABLE #TEMP_ALUMNOSCREDITOS(
NOMBRE VARCHAR(100),
ASIGNATURA VARCHAR(100),
CREDITOS INT,
TOTAL_CREDITOS INT,
OBSERVACION VARCHAR(200)
)

INSERT INTO #TEMP_ALUMNOSCREDITOS
	SELECT CONCAT(P.NOMBRE,' ',P.APELLIDO1,' ',APELLIDO2) AS NOMBRE,
		   A.NOMBRE AS ASIGNATURA,
		   A.CREDITOS,
		   SUM(A.CREDITOS) OVER(PARTITION BY M.ID_ALUMNO) AS TOTAL_CREDITOS,
	CASE
		WHEN SUM(A.CREDITOS) OVER(PARTITION BY M.ID_ALUMNO) < 20 THEN 'INSCRIBIR MAS CREDITOS'
		WHEN SUM(A.CREDITOS) OVER(PARTITION BY M.ID_ALUMNO) < 50 THEN 'CREDITOS COMPLETOS'
		ELSE 'SOBREPASADO LIMITE DE CREDITOS'
	END AS OBSERVACION
	FROM MATRICULA M
	INNER JOIN PERSONA P
	ON
		M.ID_ALUMNO = P.ID
	INNER JOIN ASIGNATURA A
	ON
		M.ID_ASIGNATURA = A.ID

SELECT DISTINCT NOMBRE, TOTAL_CREDITOS, OBSERVACION FROM #TEMP_ALUMNOSCREDITOS
ORDER BY TOTAL_CREDITOS
*********************************************************************************************************************************************************************************************************************
USE UNIVERSITY;
SELECT * FROM INFORMATION_SCHEMA.TABLES;
SELECT * FROM ASIGNATURA;

